[
  {
    "id": "2b2012a6-3286-4855-b685-c624da1e91c5",
    "data": [
      {
        "text": "smartphone",
        "userDefined": false
      }
    ],
    "isTemplate": false,
    "count": 0,
    "updated": 0
  },
  {
    "id": "65a19301-7eb1-48ed-ab78-001d388cfbc3",
    "data": [
      {
        "text": "Smartphonse",
        "userDefined": false
      }
    ],
    "isTemplate": false,
    "count": 0,
    "updated": 0
  },
  {
    "id": "fdc7870b-0188-49a0-b964-d55bd5692a8f",
    "data": [
      {
        "text": "special phone",
        "userDefined": false
      }
    ],
    "isTemplate": false,
    "count": 0,
    "updated": 0
  }
]