[
  {
    "id": "fe69dbb3-885a-464f-ac49-17409c703ac4",
    "data": [
      {
        "text": "show me something else",
        "userDefined": false
      }
    ],
    "isTemplate": false,
    "count": 0,
    "updated": 1531313222
  },
  {
    "id": "7ab065a4-ff0a-40e5-b2b7-b60dce75cccb",
    "data": [
      {
        "text": "I don\u0027t like any of these",
        "userDefined": false
      }
    ],
    "isTemplate": false,
    "count": 0,
    "updated": 1531313222
  },
  {
    "id": "850309eb-a475-40a4-8270-1c98a70db7af",
    "data": [
      {
        "text": "any other product?",
        "userDefined": false
      }
    ],
    "isTemplate": false,
    "count": 0,
    "updated": 1531313222
  },
  {
    "id": "3ca15606-ea16-43c5-a499-362b8a1baf74",
    "data": [
      {
        "text": "anything else?",
        "userDefined": false
      }
    ],
    "isTemplate": false,
    "count": 0,
    "updated": 1531313222
  },
  {
    "id": "77604e77-92d6-4703-b032-7f91d2a64d91",
    "data": [
      {
        "text": "what else do you have?",
        "userDefined": false
      }
    ],
    "isTemplate": false,
    "count": 0,
    "updated": 1531313222
  },
  {
    "id": "a60190c3-7358-469d-b410-5fd053a14a43",
    "data": [
      {
        "text": "all products",
        "userDefined": false
      }
    ],
    "isTemplate": false,
    "count": 0,
    "updated": 1531313222
  },
  {
    "id": "0a14239f-8f29-42b0-904b-2b1d25fe71aa",
    "data": [
      {
        "text": "show me your products",
        "userDefined": false
      }
    ],
    "isTemplate": false,
    "count": 0,
    "updated": 1531313222
  },
  {
    "id": "cd1ec0e5-0948-4dde-ba7a-07712e50c99d",
    "data": [
      {
        "text": "product categories",
        "userDefined": false
      }
    ],
    "isTemplate": false,
    "count": 0,
    "updated": 1531313222
  },
  {
    "id": "e6d7ebeb-bfe2-49c3-af63-657afb70a7bb",
    "data": [
      {
        "text": "product catalog",
        "userDefined": false
      }
    ],
    "isTemplate": false,
    "count": 0,
    "updated": 1531313222
  },
  {
    "id": "339fb7c6-27fb-44bb-b55a-7162efce6763",
    "data": [
      {
        "text": "catalog",
        "userDefined": false
      }
    ],
    "isTemplate": false,
    "count": 0,
    "updated": 1531313222
  },
  {
    "id": "57f7d3c8-1acc-4987-808f-740614479c1a",
    "data": [
      {
        "text": "show me all products",
        "userDefined": false
      }
    ],
    "isTemplate": false,
    "count": 0,
    "updated": 1531313349
  },
  {
    "id": "d7e7cd98-3bca-4a50-92cc-7fb22a68bf9e",
    "data": [
      {
        "text": "group of products",
        "userDefined": false
      }
    ],
    "isTemplate": false,
    "count": 0,
    "updated": 1531313222
  },
  {
    "id": "e14f6782-d058-4bde-a267-c71b35b243ee",
    "data": [
      {
        "text": "category of product",
        "userDefined": false
      }
    ],
    "isTemplate": false,
    "count": 0,
    "updated": 1531313222
  },
  {
    "id": "7d766a36-fb79-461a-a8ad-06e35cf5ef70",
    "data": [
      {
        "text": "categories",
        "userDefined": false
      }
    ],
    "isTemplate": false,
    "count": 0,
    "updated": 1531313222
  },
  {
    "id": "e2e8420b-e4fd-40e0-ab48-1a5216ac8959",
    "data": [
      {
        "text": "How to find product categories",
        "userDefined": false
      }
    ],
    "isTemplate": false,
    "count": 0,
    "updated": 1531313222
  },
  {
    "id": "f83eded0-2c22-407d-99dd-f25ca6f90d51",
    "data": [
      {
        "text": "i am looking for product categories",
        "userDefined": false
      }
    ],
    "isTemplate": false,
    "count": 1,
    "updated": 1531313222
  },
  {
    "id": "8d25d806-fffa-40d8-b464-0a4f5d8a81a4",
    "data": [
      {
        "text": "goods list",
        "userDefined": false
      }
    ],
    "isTemplate": false,
    "count": 0,
    "updated": 1531313222
  },
  {
    "id": "5463ac68-7752-4f96-a89e-8de76f6591df",
    "data": [
      {
        "text": "group of product",
        "userDefined": false
      }
    ],
    "isTemplate": false,
    "count": 0,
    "updated": 1531313222
  },
  {
    "id": "fef37e6d-6d06-4ad9-924e-3182a45291c9",
    "data": [
      {
        "text": "list of product",
        "userDefined": false
      }
    ],
    "isTemplate": false,
    "count": 0,
    "updated": 1531313222
  },
  {
    "id": "25feec00-85a6-4794-b722-45fbbec78f09",
    "data": [
      {
        "text": "product list",
        "userDefined": false
      }
    ],
    "isTemplate": false,
    "count": 0,
    "updated": 1531313222
  }
]