[
  {
    "id": "0fe3e1cb-bf5b-4737-9387-89b36dc47cec",
    "data": [
      {
        "text": "show me something else",
        "userDefined": false
      }
    ],
    "isTemplate": false,
    "count": 0,
    "updated": 0
  },
  {
    "id": "929d35e8-f99e-42fb-b191-3a583cb176be",
    "data": [
      {
        "text": "I don\u0027t like any of these",
        "userDefined": false
      }
    ],
    "isTemplate": false,
    "count": 0,
    "updated": 0
  },
  {
    "id": "24adef71-2f7b-4343-8be2-20664a30dea9",
    "data": [
      {
        "text": "any other product?",
        "userDefined": false
      }
    ],
    "isTemplate": false,
    "count": 0,
    "updated": 0
  },
  {
    "id": "2468d231-eb34-49b9-8446-67f38fad32d6",
    "data": [
      {
        "text": "anything else?",
        "userDefined": false
      }
    ],
    "isTemplate": false,
    "count": 0,
    "updated": 0
  },
  {
    "id": "2bb09ef1-870a-4747-bad7-c61e109ff5e7",
    "data": [
      {
        "text": "what else do you have?",
        "userDefined": false
      }
    ],
    "isTemplate": false,
    "count": 0,
    "updated": 0
  },
  {
    "id": "ba2272a4-5a52-469b-957b-01054dfb3165",
    "data": [
      {
        "text": "all products",
        "userDefined": false
      }
    ],
    "isTemplate": false,
    "count": 0,
    "updated": 0
  },
  {
    "id": "575c2094-67f5-48be-b3db-af6c6bb5210e",
    "data": [
      {
        "text": "show me your products",
        "userDefined": false
      }
    ],
    "isTemplate": false,
    "count": 0,
    "updated": 0
  },
  {
    "id": "f0813faa-95cd-4394-a6a0-dd76fed6767b",
    "data": [
      {
        "text": "product categories",
        "userDefined": false
      }
    ],
    "isTemplate": false,
    "count": 0,
    "updated": 0
  },
  {
    "id": "e2781c9a-3075-4bb2-bb90-3c1738addfdd",
    "data": [
      {
        "text": "product catalog",
        "userDefined": false
      }
    ],
    "isTemplate": false,
    "count": 0,
    "updated": 0
  },
  {
    "id": "4c0b10cf-52ab-4c57-a081-83be9b6c8a18",
    "data": [
      {
        "text": "catalog",
        "userDefined": false
      }
    ],
    "isTemplate": false,
    "count": 0,
    "updated": 0
  },
  {
    "id": "ae2dede7-d6fa-44db-8b09-0db8394216ca",
    "data": [
      {
        "text": "show me all products",
        "userDefined": false
      }
    ],
    "isTemplate": false,
    "count": 0,
    "updated": 0
  },
  {
    "id": "944be16a-810f-47f8-b0bd-0edbcee5cf58",
    "data": [
      {
        "text": "group of products",
        "userDefined": false
      }
    ],
    "isTemplate": false,
    "count": 0,
    "updated": 0
  },
  {
    "id": "353c3a61-e593-40f1-ad79-c5eb535c2f3f",
    "data": [
      {
        "text": "category of product",
        "userDefined": false
      }
    ],
    "isTemplate": false,
    "count": 0,
    "updated": 0
  },
  {
    "id": "30281be1-7ef7-40ef-9758-a1ada5d2084a",
    "data": [
      {
        "text": "categories",
        "userDefined": false
      }
    ],
    "isTemplate": false,
    "count": 0,
    "updated": 0
  },
  {
    "id": "6fa4bd50-b583-4919-981d-6ccaf7adf9f6",
    "data": [
      {
        "text": "How to find product categories",
        "userDefined": false
      }
    ],
    "isTemplate": false,
    "count": 0,
    "updated": 0
  },
  {
    "id": "1286b15e-b041-4283-9834-6a6c77254813",
    "data": [
      {
        "text": "i am looking for product categories",
        "userDefined": false
      }
    ],
    "isTemplate": false,
    "count": 1,
    "updated": 0
  },
  {
    "id": "9fe8e2ef-170f-49ec-a058-74631ed07d98",
    "data": [
      {
        "text": "goods list",
        "userDefined": false
      }
    ],
    "isTemplate": false,
    "count": 0,
    "updated": 0
  },
  {
    "id": "cb16c361-26ee-4920-86b1-14d72da7e9d2",
    "data": [
      {
        "text": "group of product",
        "userDefined": false
      }
    ],
    "isTemplate": false,
    "count": 0,
    "updated": 0
  },
  {
    "id": "a44d7e56-0d54-444f-9184-263a72db3b6d",
    "data": [
      {
        "text": "list of product",
        "userDefined": false
      }
    ],
    "isTemplate": false,
    "count": 0,
    "updated": 0
  },
  {
    "id": "1abb1245-12d2-452e-b514-bd37c6982d31",
    "data": [
      {
        "text": "product list",
        "userDefined": false
      }
    ],
    "isTemplate": false,
    "count": 0,
    "updated": 0
  }
]