[
  {
    "id": "4cf44459-f612-4424-8102-d0661d44bfc2",
    "data": [
      {
        "text": "gift for wife",
        "userDefined": false
      }
    ],
    "isTemplate": false,
    "count": 0,
    "updated": 0
  },
  {
    "id": "f02856ca-aa9c-47b0-9c7c-56d214fb9799",
    "data": [
      {
        "text": "gift for girlfriend",
        "userDefined": false
      }
    ],
    "isTemplate": false,
    "count": 0,
    "updated": 0
  },
  {
    "id": "571e827f-b232-4853-bfda-c69e0bc2c174",
    "data": [
      {
        "text": "want to buy a gift",
        "userDefined": false
      }
    ],
    "isTemplate": false,
    "count": 0,
    "updated": 0
  },
  {
    "id": "bf483c6e-8423-409a-8122-551506deafc7",
    "data": [
      {
        "text": "recommended products",
        "userDefined": false
      }
    ],
    "isTemplate": false,
    "count": 0,
    "updated": 0
  },
  {
    "id": "15b19c7a-5f1b-4470-84e4-bd7c27745cbc",
    "data": [
      {
        "text": "gift",
        "userDefined": false
      }
    ],
    "isTemplate": false,
    "count": 0,
    "updated": 0
  },
  {
    "id": "f3756155-3a55-4587-9d2c-b04635498aaf",
    "data": [
      {
        "text": "suggestions?",
        "userDefined": false
      }
    ],
    "isTemplate": false,
    "count": 0,
    "updated": 0
  },
  {
    "id": "8b18adfc-1250-41ea-a419-9532f4072c59",
    "data": [
      {
        "text": "what do you suggest?",
        "userDefined": false
      }
    ],
    "isTemplate": false,
    "count": 0,
    "updated": 0
  },
  {
    "id": "82cd47e2-d94b-4807-b639-981ab389b532",
    "data": [
      {
        "text": "what do you recommend?",
        "userDefined": false
      }
    ],
    "isTemplate": false,
    "count": 0,
    "updated": 0
  },
  {
    "id": "02c16af5-3dd1-47ce-81ec-6120f23755c1",
    "data": [
      {
        "text": "recommended",
        "userDefined": false
      }
    ],
    "isTemplate": false,
    "count": 0,
    "updated": 0
  },
  {
    "id": "f48662de-ea3b-4bfb-a07c-331ef278cead",
    "data": [
      {
        "text": "special products",
        "userDefined": false
      }
    ],
    "isTemplate": false,
    "count": 0,
    "updated": 0
  },
  {
    "id": "0dcead6e-ca0a-47a3-ae70-02ed23094c4a",
    "data": [
      {
        "text": "useful products",
        "userDefined": false
      }
    ],
    "isTemplate": false,
    "count": 0,
    "updated": 0
  },
  {
    "id": "d718710e-be3c-4396-aefc-ac400dad8515",
    "data": [
      {
        "text": "I am searching for the best products",
        "userDefined": false
      }
    ],
    "isTemplate": false,
    "count": 0,
    "updated": 0
  },
  {
    "id": "90fb9f37-91cf-46a0-b06f-33dc9dc8f670",
    "data": [
      {
        "text": "featured products",
        "userDefined": false
      }
    ],
    "isTemplate": false,
    "count": 0,
    "updated": 0
  },
  {
    "id": "aa3e0148-0625-4438-9d48-8c7f7adb2a83",
    "data": [
      {
        "text": "Best products",
        "userDefined": false
      }
    ],
    "isTemplate": false,
    "count": 0,
    "updated": 0
  },
  {
    "id": "01b7f34d-84cc-4fae-b19f-a15852ea8983",
    "data": [
      {
        "text": "popular products",
        "userDefined": false
      }
    ],
    "isTemplate": false,
    "count": 0,
    "updated": 0
  },
  {
    "id": "93da2061-e019-4a58-b434-3c365781d6a2",
    "data": [
      {
        "text": "Most popular products",
        "userDefined": false
      }
    ],
    "isTemplate": false,
    "count": 0,
    "updated": 0
  },
  {
    "id": "8a2cf812-0bd7-49ca-8b03-1c21e94e38f6",
    "data": [
      {
        "text": "Hot products",
        "userDefined": false
      }
    ],
    "isTemplate": false,
    "count": 0,
    "updated": 0
  },
  {
    "id": "1576e61c-2421-4760-bdc1-db407cf673c0",
    "data": [
      {
        "text": "featured product",
        "userDefined": false
      }
    ],
    "isTemplate": false,
    "count": 0,
    "updated": 0
  }
]