[
  {
    "id": "12b50b09-ac8f-46fd-8ee3-6d5c21ddf5e3",
    "data": [
      {
        "text": "gift for wife",
        "userDefined": false
      }
    ],
    "isTemplate": false,
    "count": 0,
    "updated": 1531222340
  },
  {
    "id": "fbd5d351-cc4e-48f7-9963-4854bbc754d1",
    "data": [
      {
        "text": "gift for girlfriend",
        "userDefined": false
      }
    ],
    "isTemplate": false,
    "count": 0,
    "updated": 1531222340
  },
  {
    "id": "7fb0fe71-a5e0-4c74-b073-b43adc474b96",
    "data": [
      {
        "text": "want to buy a gift",
        "userDefined": false
      }
    ],
    "isTemplate": false,
    "count": 0,
    "updated": 1531222340
  },
  {
    "id": "253214c0-da56-4897-8da9-aa62afe17bca",
    "data": [
      {
        "text": "recommended products",
        "userDefined": false
      }
    ],
    "isTemplate": false,
    "count": 0,
    "updated": 1531222340
  },
  {
    "id": "a403c30d-0826-4822-bf9c-8d589dba8569",
    "data": [
      {
        "text": "gift",
        "userDefined": false
      }
    ],
    "isTemplate": false,
    "count": 0,
    "updated": 1531222340
  },
  {
    "id": "ceefe23f-17a7-4f11-b13d-d1f9f1ecaeef",
    "data": [
      {
        "text": "suggestions?",
        "userDefined": false
      }
    ],
    "isTemplate": false,
    "count": 0,
    "updated": 1531222340
  },
  {
    "id": "8497285c-9461-4085-bfb5-981fe3466c7c",
    "data": [
      {
        "text": "what do you suggest?",
        "userDefined": false
      }
    ],
    "isTemplate": false,
    "count": 0,
    "updated": 1531222340
  },
  {
    "id": "7591c734-2256-47ee-83de-823cf8bf7ed4",
    "data": [
      {
        "text": "what do you recommend?",
        "userDefined": false
      }
    ],
    "isTemplate": false,
    "count": 0,
    "updated": 1531222340
  },
  {
    "id": "51b525b2-6fa0-4be7-8b84-bd38e700739b",
    "data": [
      {
        "text": "recommended",
        "userDefined": false
      }
    ],
    "isTemplate": false,
    "count": 0,
    "updated": 1531222340
  },
  {
    "id": "3228c54b-4684-4060-8cbc-4ec9b9172621",
    "data": [
      {
        "text": "special products",
        "userDefined": false
      }
    ],
    "isTemplate": false,
    "count": 0,
    "updated": 1531222340
  },
  {
    "id": "9841c633-4048-460a-aba0-43566fc278c1",
    "data": [
      {
        "text": "useful products",
        "userDefined": false
      }
    ],
    "isTemplate": false,
    "count": 0,
    "updated": 1531222340
  },
  {
    "id": "97b8bae9-55e0-45ec-99a0-ffd46bde015a",
    "data": [
      {
        "text": "I am searching for the best products",
        "userDefined": false
      }
    ],
    "isTemplate": false,
    "count": 0,
    "updated": 1531222340
  },
  {
    "id": "7a6df3bc-3c27-47c8-8261-3d037ebe79cb",
    "data": [
      {
        "text": "featured products",
        "userDefined": false
      }
    ],
    "isTemplate": false,
    "count": 0,
    "updated": 1531222340
  },
  {
    "id": "a4fd0bf8-c4b3-4fd6-9f8c-2037acbb37e9",
    "data": [
      {
        "text": "Best products",
        "userDefined": false
      }
    ],
    "isTemplate": false,
    "count": 0,
    "updated": 1531222340
  },
  {
    "id": "76afe4c3-dc0a-41e7-8e03-01e889256fe6",
    "data": [
      {
        "text": "popular products",
        "userDefined": false
      }
    ],
    "isTemplate": false,
    "count": 0,
    "updated": 1531222340
  },
  {
    "id": "d2cb5e2b-e869-42f5-9443-c7e660f55eb6",
    "data": [
      {
        "text": "Most popular products",
        "userDefined": false
      }
    ],
    "isTemplate": false,
    "count": 0,
    "updated": 1531222340
  },
  {
    "id": "4d58f334-b7e8-4bc4-869d-75e89ae486ac",
    "data": [
      {
        "text": "Hot products",
        "userDefined": false
      }
    ],
    "isTemplate": false,
    "count": 0,
    "updated": 1531222340
  },
  {
    "id": "edb5e8d8-cb07-4e05-8fae-21014f7b4529",
    "data": [
      {
        "text": "featured product",
        "userDefined": false
      }
    ],
    "isTemplate": false,
    "count": 0,
    "updated": 1531222340
  }
]