[
  {
    "id": "b172db74-673b-439a-b92b-33c37b6235c7",
    "data": [
      {
        "text": "show me my order history",
        "userDefined": false
      }
    ],
    "isTemplate": false,
    "count": 0,
    "updated": 1531301829
  },
  {
    "id": "197766be-3ff8-4409-9ba1-6d7365df5a1e",
    "data": [
      {
        "text": "show me what I already ordered from you",
        "userDefined": false
      }
    ],
    "isTemplate": false,
    "count": 0,
    "updated": 1531301829
  },
  {
    "id": "7fbbcdc8-992f-4629-a7df-c6d90bb44496",
    "data": [
      {
        "text": "what I ordered from you",
        "userDefined": false
      }
    ],
    "isTemplate": false,
    "count": 0,
    "updated": 1531301829
  },
  {
    "id": "eb92e46b-e92b-4030-9395-7307fa435289",
    "data": [
      {
        "text": "past orders?",
        "userDefined": false
      }
    ],
    "isTemplate": false,
    "count": 0,
    "updated": 1531301829
  },
  {
    "id": "42b9f893-96ad-4eee-97e0-a8341df9b12d",
    "data": [
      {
        "text": "status of my orders?",
        "userDefined": false
      }
    ],
    "isTemplate": false,
    "count": 0,
    "updated": 1531301829
  },
  {
    "id": "0dd534fd-5dc4-4c8f-87a1-524f8bc2bef8",
    "data": [
      {
        "text": "status of my product?",
        "userDefined": false
      }
    ],
    "isTemplate": false,
    "count": 0,
    "updated": 1531301829
  },
  {
    "id": "36b77063-1082-4fee-8ec2-7a621cc33d70",
    "data": [
      {
        "text": "has my order shipped?",
        "userDefined": false
      }
    ],
    "isTemplate": false,
    "count": 0,
    "updated": 1531301829
  },
  {
    "id": "e42b43ab-ed0d-4a3e-8773-52da78325fa9",
    "data": [
      {
        "text": "what is my order status",
        "userDefined": false
      }
    ],
    "isTemplate": false,
    "count": 0,
    "updated": 1531301829
  },
  {
    "id": "ef84406d-178a-40a2-8c61-35043aa2040a",
    "data": [
      {
        "text": "order",
        "userDefined": false
      }
    ],
    "isTemplate": false,
    "count": 0,
    "updated": 1531301829
  },
  {
    "id": "4f32b96f-02e4-4599-b6e0-9b469a0a6d61",
    "data": [
      {
        "text": "Order history",
        "userDefined": false
      }
    ],
    "isTemplate": false,
    "count": 0,
    "updated": 1531301829
  },
  {
    "id": "6551f292-5ba8-41ab-b5ca-c585e7488cc4",
    "data": [
      {
        "text": "Want to know about my order",
        "userDefined": false
      }
    ],
    "isTemplate": false,
    "count": 0,
    "updated": 1531301829
  },
  {
    "id": "0d0232f1-b0cb-4891-88a6-570df73deb11",
    "data": [
      {
        "text": "May know my previous orders",
        "userDefined": false
      }
    ],
    "isTemplate": false,
    "count": 0,
    "updated": 1531301829
  },
  {
    "id": "8ff2d32b-2ebd-47e2-9a12-387a4cf69483",
    "data": [
      {
        "text": "information about order",
        "userDefined": false
      }
    ],
    "isTemplate": false,
    "count": 0,
    "updated": 1531301829
  },
  {
    "id": "d7e0b130-2b9c-48f7-bbaf-f296bcb97354",
    "data": [
      {
        "text": "about recent order",
        "userDefined": false
      }
    ],
    "isTemplate": false,
    "count": 0,
    "updated": 1531301829
  }
]