[
  {
    "id": "9046b166-efd0-4916-be4b-f7b1b822b76f",
    "data": [
      {
        "text": "show me my order history",
        "userDefined": false
      }
    ],
    "isTemplate": false,
    "count": 0,
    "updated": 0
  },
  {
    "id": "b5da2f19-00ab-43d1-a7a9-33e6483d16e8",
    "data": [
      {
        "text": "show me what I already ordered from you",
        "userDefined": false
      }
    ],
    "isTemplate": false,
    "count": 0,
    "updated": 0
  },
  {
    "id": "7c92952a-3c12-4460-938d-f5531686be87",
    "data": [
      {
        "text": "what I ordered from you",
        "userDefined": false
      }
    ],
    "isTemplate": false,
    "count": 0,
    "updated": 0
  },
  {
    "id": "9df9a496-1085-49ec-a396-383fe3202378",
    "data": [
      {
        "text": "past orders?",
        "userDefined": false
      }
    ],
    "isTemplate": false,
    "count": 0,
    "updated": 0
  },
  {
    "id": "5019da8f-0985-4054-a0ae-ff065ebfa6cd",
    "data": [
      {
        "text": "status of my orders?",
        "userDefined": false
      }
    ],
    "isTemplate": false,
    "count": 0,
    "updated": 0
  },
  {
    "id": "ea0c6e2d-7b99-4b81-b1c8-c1375ed0bd19",
    "data": [
      {
        "text": "status of my product?",
        "userDefined": false
      }
    ],
    "isTemplate": false,
    "count": 0,
    "updated": 0
  },
  {
    "id": "1b991590-87c3-4d03-bf80-9e23d1d7c3ee",
    "data": [
      {
        "text": "has my order shipped?",
        "userDefined": false
      }
    ],
    "isTemplate": false,
    "count": 0,
    "updated": 0
  },
  {
    "id": "4adbfe8b-d2ed-44aa-b75f-04efffd57c82",
    "data": [
      {
        "text": "what is my order status",
        "userDefined": false
      }
    ],
    "isTemplate": false,
    "count": 0,
    "updated": 0
  },
  {
    "id": "3fbeeaad-8eb4-41ef-82f4-45ef8b0d32bd",
    "data": [
      {
        "text": "order",
        "userDefined": false
      }
    ],
    "isTemplate": false,
    "count": 0,
    "updated": 0
  },
  {
    "id": "b3636727-e4f1-4e0b-88a1-fbd9d6e01f75",
    "data": [
      {
        "text": "Order history",
        "userDefined": false
      }
    ],
    "isTemplate": false,
    "count": 0,
    "updated": 0
  },
  {
    "id": "abbd2ea2-3034-4410-a344-245f710ebbd3",
    "data": [
      {
        "text": "Want to know about my order",
        "userDefined": false
      }
    ],
    "isTemplate": false,
    "count": 0,
    "updated": 0
  },
  {
    "id": "bd6f22c6-cbdd-4726-9416-c05f5b38d001",
    "data": [
      {
        "text": "May know my previous orders",
        "userDefined": false
      }
    ],
    "isTemplate": false,
    "count": 0,
    "updated": 0
  },
  {
    "id": "d0331678-00f8-41f0-9087-546a3016c910",
    "data": [
      {
        "text": "information about order",
        "userDefined": false
      }
    ],
    "isTemplate": false,
    "count": 0,
    "updated": 0
  },
  {
    "id": "d5a3dd5a-67a8-4724-953e-efc0338336da",
    "data": [
      {
        "text": "about recent order",
        "userDefined": false
      }
    ],
    "isTemplate": false,
    "count": 0,
    "updated": 0
  }
]