[
  {
    "id": "132e4df8-0907-45bf-b0dd-92a2f21ed9d5",
    "data": [
      {
        "text": "how much for a website?",
        "userDefined": false
      }
    ],
    "isTemplate": false,
    "count": 0,
    "updated": 0
  },
  {
    "id": "faefa35e-06b1-4eef-bbc1-abb6ba0a3e81",
    "data": [
      {
        "text": "how much is it?",
        "userDefined": false
      }
    ],
    "isTemplate": false,
    "count": 0,
    "updated": 0
  },
  {
    "id": "1384edbc-1405-4193-82a4-b18369f74785",
    "data": [
      {
        "text": "How much?",
        "userDefined": false
      }
    ],
    "isTemplate": false,
    "count": 0,
    "updated": 0
  },
  {
    "id": "8172c2a3-4c0b-47ca-b572-e512cc65b0d6",
    "data": [
      {
        "text": "how much do it cost?",
        "userDefined": false
      }
    ],
    "isTemplate": false,
    "count": 0,
    "updated": 0
  },
  {
    "id": "a561e23f-7e65-4297-8f0e-4b54571b066c",
    "data": [
      {
        "text": "how much is your price?",
        "userDefined": false
      }
    ],
    "isTemplate": false,
    "count": 0,
    "updated": 0
  }
]