[
  {
    "id": "390abae1-9134-49c6-ab91-a7ea4d09c1b0",
    "data": [
      {
        "text": "get me some",
        "userDefined": false
      }
    ],
    "isTemplate": false,
    "count": 0,
    "updated": 1530873321
  },
  {
    "id": "62ba1ff6-5bdc-4ae3-9608-637c15a9e135",
    "data": [
      {
        "text": "can I get some",
        "userDefined": false
      }
    ],
    "isTemplate": false,
    "count": 0,
    "updated": 1530873321
  },
  {
    "id": "cad7887a-4d03-4c56-9749-50cab0404f17",
    "data": [
      {
        "text": "do you have?",
        "userDefined": false
      }
    ],
    "isTemplate": false,
    "count": 0,
    "updated": 1530873321
  },
  {
    "id": "92a2e3b2-124d-47bd-8099-8ab06c5d178d",
    "data": [
      {
        "text": "I would like",
        "userDefined": false
      }
    ],
    "isTemplate": false,
    "count": 0,
    "updated": 1530873321
  },
  {
    "id": "bae0ff37-2fa1-4f2f-bcf3-cceaec8c80eb",
    "data": [
      {
        "text": "I would love",
        "userDefined": false
      }
    ],
    "isTemplate": false,
    "count": 0,
    "updated": 1530873321
  },
  {
    "id": "aeb346a2-af91-4d7c-a4d0-8b6cc1e5d607",
    "data": [
      {
        "text": "I need",
        "userDefined": false
      }
    ],
    "isTemplate": false,
    "count": 0,
    "updated": 1530873321
  },
  {
    "id": "770e3a6f-2f78-4218-8ea5-5cfeba0def9b",
    "data": [
      {
        "text": "I want",
        "userDefined": false
      }
    ],
    "isTemplate": false,
    "count": 0,
    "updated": 1530873321
  },
  {
    "id": "3b615807-8ab9-4c09-95ed-d73f03256d2d",
    "data": [
      {
        "text": "shopping for",
        "userDefined": false
      }
    ],
    "isTemplate": false,
    "count": 0,
    "updated": 1530873321
  },
  {
    "id": "386d4295-9618-4918-9b95-65a2ab2b91dd",
    "data": [
      {
        "text": "shopping",
        "userDefined": false
      }
    ],
    "isTemplate": false,
    "count": 0,
    "updated": 1530873321
  },
  {
    "id": "c6df1987-8ed4-4721-9b67-662f3a0e925c",
    "data": [
      {
        "text": "what do you sell?",
        "userDefined": false
      }
    ],
    "isTemplate": false,
    "count": 0,
    "updated": 1530873321
  },
  {
    "id": "efa55ae1-ed88-458b-8f86-916b462dee6f",
    "data": [
      {
        "text": "product search",
        "userDefined": false
      }
    ],
    "isTemplate": false,
    "count": 0,
    "updated": 1530873321
  },
  {
    "id": "f381b67f-30e3-4ec9-bf2a-d3e8e5e74d22",
    "data": [
      {
        "text": "searching for products",
        "userDefined": false
      }
    ],
    "isTemplate": false,
    "count": 0,
    "updated": 1530873321
  },
  {
    "id": "6530140c-9a3a-4c40-8284-247a15cd6c35",
    "data": [
      {
        "text": "I am looking for some products",
        "userDefined": false
      }
    ],
    "isTemplate": false,
    "count": 0,
    "updated": 1530873321
  },
  {
    "id": "1a99dbf8-7aa4-4f12-8792-97b1c88d58e0",
    "data": [
      {
        "text": "want to buy some products",
        "userDefined": false
      }
    ],
    "isTemplate": false,
    "count": 0,
    "updated": 1530873321
  },
  {
    "id": "481743fa-6a67-4b3e-bd2f-53102a776471",
    "data": [
      {
        "text": "Some products",
        "userDefined": false
      }
    ],
    "isTemplate": false,
    "count": 0,
    "updated": 1530873321
  },
  {
    "id": "a0efd74f-4504-416f-ad6f-0b87ab895fbd",
    "data": [
      {
        "text": "I am looking for books",
        "userDefined": false
      }
    ],
    "isTemplate": false,
    "count": 0,
    "updated": 1530873321
  },
  {
    "id": "a1b7bcfa-4d8c-489a-a41e-c65749ad0f5f",
    "data": [
      {
        "text": "I am looking for products",
        "userDefined": false
      }
    ],
    "isTemplate": false,
    "count": 0,
    "updated": 1530873321
  }
]