[
  {
    "id": "ee6b6448-c082-40a7-b53f-7dc23397b684",
    "data": [
      {
        "text": "apple",
        "userDefined": false
      }
    ],
    "isTemplate": false,
    "count": 0,
    "updated": 0
  },
  {
    "id": "8426c9dc-d06f-4af7-915c-3769613e4d74",
    "data": [
      {
        "text": "galaxy",
        "userDefined": false
      }
    ],
    "isTemplate": false,
    "count": 0,
    "updated": 0
  },
  {
    "id": "20b14f77-0638-47c2-874a-5fcee43c2112",
    "data": [
      {
        "text": "smart phones",
        "userDefined": false
      }
    ],
    "isTemplate": false,
    "count": 0,
    "updated": 0
  },
  {
    "id": "074c6f00-09fd-4f74-b1c9-0d70cd72de37",
    "data": [
      {
        "text": "get me some",
        "userDefined": false
      }
    ],
    "isTemplate": false,
    "count": 0,
    "updated": 0
  },
  {
    "id": "9f1538f9-0026-4e39-a3d9-876e245c580a",
    "data": [
      {
        "text": "can I get some",
        "userDefined": false
      }
    ],
    "isTemplate": false,
    "count": 0,
    "updated": 0
  },
  {
    "id": "8277b135-c674-429c-8408-6f819001896d",
    "data": [
      {
        "text": "do you have?",
        "userDefined": false
      }
    ],
    "isTemplate": false,
    "count": 0,
    "updated": 0
  },
  {
    "id": "528b984a-6f35-443d-bec9-0774fccd33a7",
    "data": [
      {
        "text": "I would like",
        "userDefined": false
      }
    ],
    "isTemplate": false,
    "count": 0,
    "updated": 0
  },
  {
    "id": "991b7ff5-dc6c-454c-ab1f-44f37901f93f",
    "data": [
      {
        "text": "I would love",
        "userDefined": false
      }
    ],
    "isTemplate": false,
    "count": 0,
    "updated": 0
  },
  {
    "id": "084d94b4-988c-4f25-8886-1a257ca45ea0",
    "data": [
      {
        "text": "I need",
        "userDefined": false
      }
    ],
    "isTemplate": false,
    "count": 0,
    "updated": 0
  },
  {
    "id": "3fe59d8f-421b-40ec-8ed4-673baab5d205",
    "data": [
      {
        "text": "I want",
        "userDefined": false
      }
    ],
    "isTemplate": false,
    "count": 0,
    "updated": 0
  },
  {
    "id": "b3e1b938-cdd6-4d1e-9af0-6fde9761bc3b",
    "data": [
      {
        "text": "shopping for",
        "userDefined": false
      }
    ],
    "isTemplate": false,
    "count": 0,
    "updated": 0
  },
  {
    "id": "58b55fa8-3cae-4f21-b841-f18b0b240184",
    "data": [
      {
        "text": "shopping",
        "userDefined": false
      }
    ],
    "isTemplate": false,
    "count": 0,
    "updated": 0
  },
  {
    "id": "bdc6fcc0-9487-4c57-914f-fcceb495e468",
    "data": [
      {
        "text": "what do you sell?",
        "userDefined": false
      }
    ],
    "isTemplate": false,
    "count": 0,
    "updated": 0
  },
  {
    "id": "1ec43cfa-df2b-41b5-9ac3-e366ef331407",
    "data": [
      {
        "text": "product search",
        "userDefined": false
      }
    ],
    "isTemplate": false,
    "count": 0,
    "updated": 0
  },
  {
    "id": "3cb83886-e70b-47b5-898b-08a1468f54e0",
    "data": [
      {
        "text": "searching for products",
        "userDefined": false
      }
    ],
    "isTemplate": false,
    "count": 0,
    "updated": 0
  },
  {
    "id": "d48fe946-e964-4556-8c8d-0a59cc3287da",
    "data": [
      {
        "text": "I am looking for some products",
        "userDefined": false
      }
    ],
    "isTemplate": false,
    "count": 0,
    "updated": 0
  },
  {
    "id": "7d6a7518-caad-4c88-b7de-35525673869c",
    "data": [
      {
        "text": "want to buy some products",
        "userDefined": false
      }
    ],
    "isTemplate": false,
    "count": 0,
    "updated": 0
  },
  {
    "id": "95869725-b4ab-4f11-a77a-1d14356c51da",
    "data": [
      {
        "text": "Some products",
        "userDefined": false
      }
    ],
    "isTemplate": false,
    "count": 0,
    "updated": 0
  },
  {
    "id": "124e0361-50b3-4ae6-b81a-806af2f32d33",
    "data": [
      {
        "text": "I am looking for books",
        "userDefined": false
      }
    ],
    "isTemplate": false,
    "count": 0,
    "updated": 0
  },
  {
    "id": "10f45016-4dab-49cd-8a2b-d1924c499677",
    "data": [
      {
        "text": "I am looking for products",
        "userDefined": false
      }
    ],
    "isTemplate": false,
    "count": 0,
    "updated": 0
  }
]