[
  {
    "id": "009ad4af-cc1f-450e-b8b3-9e55a2ad6eea",
    "data": [
      {
        "text": "clear all",
        "userDefined": false
      }
    ],
    "isTemplate": false,
    "count": 0,
    "updated": 0
  },
  {
    "id": "a75105cf-d7ec-4f1e-afe4-5c098fd25361",
    "data": [
      {
        "text": "clear",
        "userDefined": false
      }
    ],
    "isTemplate": false,
    "count": 0,
    "updated": 0
  },
  {
    "id": "22c5ccfe-f3b7-484f-9c81-c57401c585a1",
    "data": [
      {
        "text": "fix",
        "userDefined": false
      }
    ],
    "isTemplate": false,
    "count": 0,
    "updated": 0
  },
  {
    "id": "b6852795-8be5-48dd-8ecf-29b3d47cb8c4",
    "data": [
      {
        "text": "reset",
        "userDefined": false
      }
    ],
    "isTemplate": false,
    "count": 0,
    "updated": 0
  }
]