[
  {
    "id": "831914f2-1983-43a7-9abc-d67f571de72f",
    "data": [
      {
        "text": "clear all",
        "userDefined": false
      }
    ],
    "isTemplate": false,
    "count": 0,
    "updated": 1531140811
  },
  {
    "id": "8da2cdd5-724c-4c54-9849-eeb73f2e7920",
    "data": [
      {
        "text": "clear",
        "userDefined": false
      }
    ],
    "isTemplate": false,
    "count": 0,
    "updated": 1531140811
  },
  {
    "id": "763ad2b2-71dd-4060-9826-054b98c0cac6",
    "data": [
      {
        "text": "fix",
        "userDefined": false
      }
    ],
    "isTemplate": false,
    "count": 0,
    "updated": 1531140811
  },
  {
    "id": "c568d180-e5f9-4eb0-baf5-20815abcbc50",
    "data": [
      {
        "text": "reset",
        "userDefined": false
      }
    ],
    "isTemplate": false,
    "count": 0,
    "updated": 1531140811
  }
]