[
  {
    "id": "2eb57828-ce63-40c3-879d-317e8a8c741e",
    "data": [
      {
        "text": "discounts",
        "userDefined": false
      }
    ],
    "isTemplate": false,
    "count": 1,
    "updated": 0
  },
  {
    "id": "fbe04abb-7fd0-4422-b932-89a2adcc777c",
    "data": [
      {
        "text": "christmas",
        "alias": "date",
        "meta": "@sys.date",
        "userDefined": false
      },
      {
        "text": " sales",
        "userDefined": false
      }
    ],
    "isTemplate": false,
    "count": 0,
    "updated": 0
  },
  {
    "id": "3d74ec64-b8a0-4823-82d3-be660519559c",
    "data": [
      {
        "text": "christmas",
        "alias": "date",
        "meta": "@sys.date",
        "userDefined": false
      },
      {
        "text": " offers",
        "userDefined": false
      }
    ],
    "isTemplate": false,
    "count": 0,
    "updated": 0
  },
  {
    "id": "43f3d31b-7f78-487c-b950-3a2a34a149db",
    "data": [
      {
        "text": "what deals do you have?",
        "userDefined": false
      }
    ],
    "isTemplate": false,
    "count": 0,
    "updated": 0
  },
  {
    "id": "77058c0f-9124-4c96-bd01-656965e7fcd3",
    "data": [
      {
        "text": "deals",
        "userDefined": false
      }
    ],
    "isTemplate": false,
    "count": 0,
    "updated": 0
  },
  {
    "id": "5458c01c-b66d-4a4d-a289-a547f370f8ae",
    "data": [
      {
        "text": "I\u0027d like to see deals",
        "userDefined": false
      }
    ],
    "isTemplate": false,
    "count": 0,
    "updated": 0
  },
  {
    "id": "bd948d39-a455-4fae-80b1-3667da35c04c",
    "data": [
      {
        "text": "special offers",
        "userDefined": false
      }
    ],
    "isTemplate": false,
    "count": 0,
    "updated": 0
  },
  {
    "id": "df2d1063-787f-4189-bf2e-c1292f34ca0d",
    "data": [
      {
        "text": "holiday offers",
        "userDefined": false
      }
    ],
    "isTemplate": false,
    "count": 0,
    "updated": 0
  },
  {
    "id": "17406035-46d9-46be-acd7-2eb270310a86",
    "data": [
      {
        "text": "offers",
        "userDefined": false
      }
    ],
    "isTemplate": false,
    "count": 0,
    "updated": 0
  },
  {
    "id": "f17666cb-67cf-47b5-b590-569911d077b0",
    "data": [
      {
        "text": "show me discounts",
        "userDefined": false
      }
    ],
    "isTemplate": false,
    "count": 0,
    "updated": 0
  },
  {
    "id": "96dc06fa-d87a-4d2a-928d-f5fa6f42d44b",
    "data": [
      {
        "text": "low cost products",
        "userDefined": false
      }
    ],
    "isTemplate": false,
    "count": 0,
    "updated": 0
  },
  {
    "id": "92879014-a5bf-4455-98f4-5d32b93f79f8",
    "data": [
      {
        "text": "something cheap",
        "userDefined": false
      }
    ],
    "isTemplate": false,
    "count": 0,
    "updated": 0
  },
  {
    "id": "0e1aad26-9551-492f-bac5-b08275461d89",
    "data": [
      {
        "text": "i am on a budget",
        "userDefined": false
      }
    ],
    "isTemplate": false,
    "count": 0,
    "updated": 0
  },
  {
    "id": "ba9d32fc-2be6-465e-a08b-b26db2122642",
    "data": [
      {
        "text": "products on sale",
        "userDefined": false
      }
    ],
    "isTemplate": false,
    "count": 0,
    "updated": 0
  },
  {
    "id": "e5307dd3-2c86-4fb1-bf51-c6d9e7c57da1",
    "data": [
      {
        "text": "cheap products.",
        "userDefined": false
      }
    ],
    "isTemplate": false,
    "count": 0,
    "updated": 0
  },
  {
    "id": "b57c48b8-26f1-49d5-9b99-cabd400bd54f",
    "data": [
      {
        "text": "flash sales",
        "userDefined": false
      }
    ],
    "isTemplate": false,
    "count": 0,
    "updated": 0
  },
  {
    "id": "3ae0ee1a-ecb8-4ec1-b8aa-ea3dd4cfef71",
    "data": [
      {
        "text": "what do you have on sale",
        "userDefined": false
      }
    ],
    "isTemplate": false,
    "count": 0,
    "updated": 0
  }
]