[
  {
    "id": "dd909173-75f4-429e-a3ca-ee861fed7603",
    "data": [
      {
        "text": "discounts",
        "userDefined": false
      }
    ],
    "isTemplate": false,
    "count": 1,
    "updated": 1531054470
  },
  {
    "id": "1447cb80-228c-435f-88e2-63eb9ec736ff",
    "data": [
      {
        "text": "christmas",
        "alias": "date",
        "meta": "@sys.date",
        "userDefined": false
      },
      {
        "text": " sales",
        "userDefined": false
      }
    ],
    "isTemplate": false,
    "count": 0,
    "updated": 1531222383
  },
  {
    "id": "a8c9aeb8-51c6-40d8-85bc-8f4862d7151f",
    "data": [
      {
        "text": "christmas",
        "alias": "date",
        "meta": "@sys.date",
        "userDefined": false
      },
      {
        "text": " offers",
        "userDefined": false
      }
    ],
    "isTemplate": false,
    "count": 0,
    "updated": 1531222383
  },
  {
    "id": "22e10dbc-6530-400a-bc0e-e39e5908861c",
    "data": [
      {
        "text": "what deals do you have?",
        "userDefined": false
      }
    ],
    "isTemplate": false,
    "count": 0,
    "updated": 1531054470
  },
  {
    "id": "cb9a1776-a95e-4cff-b248-a1f06952760b",
    "data": [
      {
        "text": "deals",
        "userDefined": false
      }
    ],
    "isTemplate": false,
    "count": 0,
    "updated": 1531054470
  },
  {
    "id": "a9aee351-e200-4912-bccf-f4463b74d6a6",
    "data": [
      {
        "text": "I\u0027d like to see deals",
        "userDefined": false
      }
    ],
    "isTemplate": false,
    "count": 0,
    "updated": 1531054470
  },
  {
    "id": "dbd7db24-74ec-4233-b452-5e93fe38fc1d",
    "data": [
      {
        "text": "special offers",
        "userDefined": false
      }
    ],
    "isTemplate": false,
    "count": 0,
    "updated": 1531054470
  },
  {
    "id": "32227509-3842-42ca-80ca-9cb19edf5596",
    "data": [
      {
        "text": "holiday offers",
        "userDefined": false
      }
    ],
    "isTemplate": false,
    "count": 0,
    "updated": 1531054470
  },
  {
    "id": "6e44e6bf-b344-4221-bab2-5ff0dec10ffa",
    "data": [
      {
        "text": "offers",
        "userDefined": false
      }
    ],
    "isTemplate": false,
    "count": 0,
    "updated": 1531054470
  },
  {
    "id": "d30f33e6-92db-44b3-8e04-df37a21381cc",
    "data": [
      {
        "text": "show me discounts",
        "userDefined": false
      }
    ],
    "isTemplate": false,
    "count": 0,
    "updated": 1531054470
  },
  {
    "id": "a68a8d51-f161-49e2-8bab-e9275f21efff",
    "data": [
      {
        "text": "low cost products",
        "userDefined": false
      }
    ],
    "isTemplate": false,
    "count": 0,
    "updated": 1530873573
  },
  {
    "id": "24c4aa02-dcba-447e-9844-a1d38a142de1",
    "data": [
      {
        "text": "something cheap",
        "userDefined": false
      }
    ],
    "isTemplate": false,
    "count": 0,
    "updated": 1530873482
  },
  {
    "id": "f97764fa-afdf-4e78-8817-24ad47353315",
    "data": [
      {
        "text": "i am on a budget",
        "userDefined": false
      }
    ],
    "isTemplate": false,
    "count": 0,
    "updated": 1530873482
  },
  {
    "id": "14c9e57b-43c7-44bc-a167-d71c311361db",
    "data": [
      {
        "text": "products on sale",
        "userDefined": false
      }
    ],
    "isTemplate": false,
    "count": 0,
    "updated": 1530873482
  },
  {
    "id": "0e17ce77-5f86-46d8-868e-acceadf218fe",
    "data": [
      {
        "text": "cheap products.",
        "userDefined": false
      }
    ],
    "isTemplate": false,
    "count": 0,
    "updated": 1530873482
  },
  {
    "id": "845bb8b2-454b-407d-b052-1eef8d419bc9",
    "data": [
      {
        "text": "flash sales",
        "userDefined": false
      }
    ],
    "isTemplate": false,
    "count": 0,
    "updated": 1530873482
  },
  {
    "id": "8e0989ee-f617-4918-8424-8d7d9accd9ad",
    "data": [
      {
        "text": "what do you have on sale",
        "userDefined": false
      }
    ],
    "isTemplate": false,
    "count": 0,
    "updated": 1530873482
  }
]