[
  {
    "id": "92f8821b-1cdf-4e88-af5f-4076788f8db6",
    "data": [
      {
        "text": "restart",
        "userDefined": false
      }
    ],
    "isTemplate": false,
    "count": 0,
    "updated": 0
  },
  {
    "id": "a167790b-b717-4e68-aae4-b7aa3a6196a8",
    "data": [
      {
        "text": "initiate",
        "userDefined": false
      }
    ],
    "isTemplate": false,
    "count": 0,
    "updated": 0
  },
  {
    "id": "015c5b24-6519-4746-ab9b-9acaa8805e8b",
    "data": [
      {
        "text": "begin",
        "userDefined": false
      }
    ],
    "isTemplate": false,
    "count": 0,
    "updated": 0
  },
  {
    "id": "8f06bf22-d573-4c71-9ab9-5dd4b90358ec",
    "data": [
      {
        "text": "go",
        "userDefined": false
      }
    ],
    "isTemplate": false,
    "count": 0,
    "updated": 0
  },
  {
    "id": "9aefcf99-f1c1-4043-8daa-796c9f6410d8",
    "data": [
      {
        "text": "start",
        "userDefined": false
      }
    ],
    "isTemplate": false,
    "count": 0,
    "updated": 0
  }
]