[
  {
    "id": "579d9d99-4dbe-4bab-a600-38ba7c323ab7",
    "data": [
      {
        "text": "restart",
        "userDefined": false
      }
    ],
    "isTemplate": false,
    "count": 0,
    "updated": 1531140741
  },
  {
    "id": "997d5109-6b7f-47dd-ba1e-9db8d2b3f562",
    "data": [
      {
        "text": "initiate",
        "userDefined": false
      }
    ],
    "isTemplate": false,
    "count": 0,
    "updated": 1531140741
  },
  {
    "id": "0d73b5cd-f51f-4972-a73e-478b450c1bbf",
    "data": [
      {
        "text": "begin",
        "userDefined": false
      }
    ],
    "isTemplate": false,
    "count": 0,
    "updated": 1531140741
  },
  {
    "id": "b28ce734-c219-47aa-b7d4-5b1ebc3dbde7",
    "data": [
      {
        "text": "go",
        "userDefined": false
      }
    ],
    "isTemplate": false,
    "count": 0,
    "updated": 1531140741
  },
  {
    "id": "be824dab-2fd5-41b0-a7cf-980f522451c6",
    "data": [
      {
        "text": "start",
        "userDefined": false
      }
    ],
    "isTemplate": false,
    "count": 0,
    "updated": 1531140641
  }
]