[
  {
    "id": "10df51bb-0eaa-4aad-9d56-ae877b897588",
    "data": [
      {
        "text": "is there a tutorial where i can canfigure the slider... i can not manage to configure the text inside ",
        "userDefined": false
      },
      {
        "text": "one",
        "meta": "@sys.ignore",
        "userDefined": false
      },
      {
        "text": " slide... description and button...",
        "userDefined": false
      }
    ],
    "isTemplate": false,
    "count": 0,
    "updated": 0
  },
  {
    "id": "9c0a4ea8-4539-44d9-bf5b-9a6c4d5bf1fd",
    "data": [
      {
        "text": "need information",
        "userDefined": false
      }
    ],
    "isTemplate": false,
    "count": 0,
    "updated": 0
  },
  {
    "id": "3d03f56c-f65f-4531-b252-87b6bc978920",
    "data": [
      {
        "text": "send email",
        "userDefined": false
      }
    ],
    "isTemplate": false,
    "count": 0,
    "updated": 0
  },
  {
    "id": "5e3aca8a-382f-46fa-9add-98ffce1daa11",
    "data": [
      {
        "text": "do you ship to?",
        "userDefined": false
      }
    ],
    "isTemplate": false,
    "count": 0,
    "updated": 0
  },
  {
    "id": "f08bfc21-ae9f-47a2-a0cb-2e7a6ace1e7c",
    "data": [
      {
        "text": "do you deliver to",
        "userDefined": false
      }
    ],
    "isTemplate": false,
    "count": 0,
    "updated": 0
  },
  {
    "id": "8f992dca-ee40-46ab-ba4e-a1fc35c61eac",
    "data": [
      {
        "text": "help me",
        "userDefined": false
      }
    ],
    "isTemplate": false,
    "count": 0,
    "updated": 0
  },
  {
    "id": "6fbaffa4-3482-431e-aedc-b559662daf60",
    "data": [
      {
        "text": "I need some help",
        "userDefined": false
      }
    ],
    "isTemplate": false,
    "count": 0,
    "updated": 0
  },
  {
    "id": "2e05003b-c829-4317-b404-af0a0c3d9036",
    "data": [
      {
        "text": "business location",
        "userDefined": false
      }
    ],
    "isTemplate": false,
    "count": 0,
    "updated": 0
  },
  {
    "id": "3ed2e72b-fdc9-42fb-8ba6-819bf10866a1",
    "data": [
      {
        "text": "where do you ship?",
        "userDefined": false
      }
    ],
    "isTemplate": false,
    "count": 0,
    "updated": 0
  },
  {
    "id": "e5b4d3d8-0aba-4efc-ae0f-b9360e622e42",
    "data": [
      {
        "text": "how to contact you?",
        "userDefined": false
      }
    ],
    "isTemplate": false,
    "count": 0,
    "updated": 0
  },
  {
    "id": "f299306c-0859-4c86-840e-f6f70d900260",
    "data": [
      {
        "text": "how long are you in business",
        "userDefined": false
      }
    ],
    "isTemplate": false,
    "count": 0,
    "updated": 0
  },
  {
    "id": "b48f3c70-0793-4e87-837c-71dd9b12fe7d",
    "data": [
      {
        "text": "Want to send  message to support",
        "userDefined": false
      }
    ],
    "isTemplate": false,
    "count": 0,
    "updated": 0
  },
  {
    "id": "e3991fb1-8f6c-439f-afca-562ee9ac2141",
    "data": [
      {
        "text": "call",
        "userDefined": false
      }
    ],
    "isTemplate": false,
    "count": 0,
    "updated": 0
  },
  {
    "id": "77a179aa-420c-42bb-82a2-0f4d724eb8e3",
    "data": [
      {
        "text": "help",
        "userDefined": false
      }
    ],
    "isTemplate": false,
    "count": 0,
    "updated": 0
  },
  {
    "id": "3900c9ee-2813-4ec0-adad-82f29939a1c2",
    "data": [
      {
        "text": "helpdesk",
        "userDefined": false
      }
    ],
    "isTemplate": false,
    "count": 0,
    "updated": 0
  },
  {
    "id": "7167505c-5eea-4678-889f-e779ce6a4921",
    "data": [
      {
        "text": "I have some feedback",
        "userDefined": false
      }
    ],
    "isTemplate": false,
    "count": 0,
    "updated": 0
  },
  {
    "id": "b3c7edfb-b396-4205-8f88-60caf794289e",
    "data": [
      {
        "text": "email",
        "userDefined": false
      }
    ],
    "isTemplate": false,
    "count": 0,
    "updated": 0
  },
  {
    "id": "3376bb1b-6b7f-4b5a-a419-ba4d6d32b09c",
    "data": [
      {
        "text": "feedback for you",
        "userDefined": false
      }
    ],
    "isTemplate": false,
    "count": 0,
    "updated": 0
  },
  {
    "id": "d710217c-d459-4670-ac17-8d3b91e71fc0",
    "data": [
      {
        "text": "shipping information",
        "userDefined": false
      }
    ],
    "isTemplate": false,
    "count": 0,
    "updated": 0
  },
  {
    "id": "275cbeef-8c45-4c98-a8eb-0a0e52b62af1",
    "data": [
      {
        "text": "need support",
        "userDefined": false
      }
    ],
    "isTemplate": false,
    "count": 0,
    "updated": 0
  },
  {
    "id": "cc7c1801-020b-47f2-92c3-b418e1bff332",
    "data": [
      {
        "text": "call me back",
        "userDefined": false
      }
    ],
    "isTemplate": false,
    "count": 0,
    "updated": 0
  },
  {
    "id": "5f7a55bb-9e44-4389-be46-386891465b70",
    "data": [
      {
        "text": "contact you",
        "userDefined": false
      }
    ],
    "isTemplate": false,
    "count": 0,
    "updated": 0
  },
  {
    "id": "59b3b25d-8f13-4a97-b2a4-2261aee651ae",
    "data": [
      {
        "text": "I am looking for customer support",
        "userDefined": false
      }
    ],
    "isTemplate": false,
    "count": 0,
    "updated": 0
  },
  {
    "id": "313924cb-04f0-4f96-bedf-8a8cd6b07920",
    "data": [
      {
        "text": "How to contact with admin",
        "userDefined": false
      }
    ],
    "isTemplate": false,
    "count": 0,
    "updated": 0
  },
  {
    "id": "4541ffbe-b331-4263-bf3d-b088f4adca9e",
    "data": [
      {
        "text": "I want to contact with support",
        "userDefined": false
      }
    ],
    "isTemplate": false,
    "count": 0,
    "updated": 0
  },
  {
    "id": "918e4412-bf51-4ed3-b1cc-289cd34981d1",
    "data": [
      {
        "text": "please help",
        "userDefined": false
      }
    ],
    "isTemplate": false,
    "count": 0,
    "updated": 0
  },
  {
    "id": "fb217c54-07e4-4346-9a7e-59ff30a78c3a",
    "data": [
      {
        "text": "need help",
        "userDefined": false
      }
    ],
    "isTemplate": false,
    "count": 1,
    "updated": 0
  },
  {
    "id": "33caf8f8-445c-42e7-a795-f34225711c07",
    "data": [
      {
        "text": "shipping cost",
        "userDefined": false
      }
    ],
    "isTemplate": false,
    "count": 0,
    "updated": 0
  },
  {
    "id": "73f5c30f-3aee-4a88-8426-982b282f04ae",
    "data": [
      {
        "text": "support asistance",
        "userDefined": false
      }
    ],
    "isTemplate": false,
    "count": 0,
    "updated": 0
  },
  {
    "id": "e6c5af57-42ec-46ac-a9fa-5f1ba4c2a9f0",
    "data": [
      {
        "text": "support help desk",
        "userDefined": false
      }
    ],
    "isTemplate": false,
    "count": 0,
    "updated": 0
  },
  {
    "id": "a0b35ce8-277e-4f1a-bed5-0cdd7c33e610",
    "data": [
      {
        "text": "Want to contact with a support person",
        "userDefined": false
      }
    ],
    "isTemplate": false,
    "count": 0,
    "updated": 0
  }
]