[
  {
    "id": "f95e319d-a4d5-4fca-8d43-bdf14db94024",
    "data": [
      {
        "text": "is there a tutorial where i can canfigure the slider... i can not manage to configure the text inside ",
        "userDefined": false
      },
      {
        "text": "one",
        "alias": "number",
        "meta": "@sys.number",
        "userDefined": false
      },
      {
        "text": " slide... description and button...",
        "userDefined": false
      }
    ],
    "isTemplate": false,
    "count": 0,
    "updated": 1531315237
  },
  {
    "id": "3ee4c00e-8612-4ef1-a503-0e3dded9d29f",
    "data": [
      {
        "text": "do you ship to?",
        "userDefined": false
      }
    ],
    "isTemplate": false,
    "count": 0,
    "updated": 1531315237
  },
  {
    "id": "0d1f5269-dc95-4d4c-914d-dd2ba0d692e7",
    "data": [
      {
        "text": "where do you ship?",
        "userDefined": false
      }
    ],
    "isTemplate": false,
    "count": 0,
    "updated": 1531315237
  },
  {
    "id": "e14773c3-3145-4616-bea0-2b2d3eb0af70",
    "data": [
      {
        "text": "do you deliver to",
        "userDefined": false
      }
    ],
    "isTemplate": false,
    "count": 0,
    "updated": 1531315237
  },
  {
    "id": "034115aa-9b9d-4544-bc6e-10fd02c85105",
    "data": [
      {
        "text": "I need a refund",
        "userDefined": false
      }
    ],
    "isTemplate": false,
    "count": 0,
    "updated": 1531315237
  },
  {
    "id": "48523be5-e266-43ad-bae0-3e5d2b322622",
    "data": [
      {
        "text": "refund",
        "userDefined": false
      }
    ],
    "isTemplate": false,
    "count": 0,
    "updated": 1531315237
  },
  {
    "id": "85298a00-a53d-4615-af89-12476eb76031",
    "data": [
      {
        "text": "send email",
        "userDefined": false
      }
    ],
    "isTemplate": false,
    "count": 0,
    "updated": 1531315237
  },
  {
    "id": "724568ba-e625-46e4-8013-7c4f9d431e4d",
    "data": [
      {
        "text": "email",
        "userDefined": false
      }
    ],
    "isTemplate": false,
    "count": 0,
    "updated": 1531315237
  },
  {
    "id": "883682b2-3237-4c4b-be4c-ef558511cb93",
    "data": [
      {
        "text": "how to contact you?",
        "userDefined": false
      }
    ],
    "isTemplate": false,
    "count": 0,
    "updated": 1531315237
  },
  {
    "id": "1b0aeeae-f876-4ad2-a04c-e2a367accdc0",
    "data": [
      {
        "text": "how long are you in business",
        "userDefined": false
      }
    ],
    "isTemplate": false,
    "count": 0,
    "updated": 1531315237
  },
  {
    "id": "5d668b23-c66b-4ab7-b441-35ce0e1d58ed",
    "data": [
      {
        "text": "business location",
        "userDefined": false
      }
    ],
    "isTemplate": false,
    "count": 0,
    "updated": 1531315237
  },
  {
    "id": "57111ef3-a019-4de7-9f15-0d5a186a073e",
    "data": [
      {
        "text": "helpdesk",
        "userDefined": false
      }
    ],
    "isTemplate": false,
    "count": 0,
    "updated": 1531315237
  },
  {
    "id": "2ea09a15-0202-45a0-a7c6-8b96e5bfca81",
    "data": [
      {
        "text": "give me refund",
        "userDefined": false
      }
    ],
    "isTemplate": false,
    "count": 0,
    "updated": 1531315237
  },
  {
    "id": "ede2c10f-b720-47e3-95c6-66d958542ef8",
    "data": [
      {
        "text": "refund request",
        "userDefined": false
      }
    ],
    "isTemplate": false,
    "count": 0,
    "updated": 1531315237
  },
  {
    "id": "1f73e57e-3ec2-407d-bb83-3cd4fee6a658",
    "data": [
      {
        "text": "feedback for you",
        "userDefined": false
      }
    ],
    "isTemplate": false,
    "count": 0,
    "updated": 1531315237
  },
  {
    "id": "74d2cfb4-ffe6-4ab7-b3cc-72e40b6e1bff",
    "data": [
      {
        "text": "need information",
        "userDefined": false
      }
    ],
    "isTemplate": false,
    "count": 0,
    "updated": 1531315237
  },
  {
    "id": "ab1158a8-d000-446c-aac2-6c16d94e501f",
    "data": [
      {
        "text": "I have some feedback",
        "userDefined": false
      }
    ],
    "isTemplate": false,
    "count": 0,
    "updated": 1531315237
  },
  {
    "id": "994ab9e6-4977-4dfb-a06e-08b032a2cc33",
    "data": [
      {
        "text": "call me back",
        "userDefined": false
      }
    ],
    "isTemplate": false,
    "count": 0,
    "updated": 1531315237
  },
  {
    "id": "945c2b3a-85b5-48f7-93b9-f6a43e473912",
    "data": [
      {
        "text": "phone call",
        "userDefined": false
      }
    ],
    "isTemplate": false,
    "count": 0,
    "updated": 1531315237
  },
  {
    "id": "1c4e265a-10f8-43a0-b1bb-0f088321a731",
    "data": [
      {
        "text": "call",
        "userDefined": false
      }
    ],
    "isTemplate": false,
    "count": 0,
    "updated": 1531315237
  },
  {
    "id": "d3485773-d231-4f14-a1fd-d2a2de25cef5",
    "data": [
      {
        "text": "help me",
        "userDefined": false
      }
    ],
    "isTemplate": false,
    "count": 0,
    "updated": 1531315237
  },
  {
    "id": "2bcc935b-9706-4eef-8b2e-0784b15ae9e6",
    "data": [
      {
        "text": "please help",
        "userDefined": false
      }
    ],
    "isTemplate": false,
    "count": 0,
    "updated": 1531315237
  },
  {
    "id": "79785055-9562-4d9c-853d-5f4b62decbce",
    "data": [
      {
        "text": "I need some help",
        "userDefined": false
      }
    ],
    "isTemplate": false,
    "count": 0,
    "updated": 1531315237
  },
  {
    "id": "42945384-790f-4600-a5dd-56b71d73319e",
    "data": [
      {
        "text": "help",
        "userDefined": false
      }
    ],
    "isTemplate": false,
    "count": 0,
    "updated": 1531315237
  },
  {
    "id": "312a7b85-538e-4896-8e4b-698505fd1cd6",
    "data": [
      {
        "text": "shipping information",
        "userDefined": false
      }
    ],
    "isTemplate": false,
    "count": 0,
    "updated": 1531315237
  },
  {
    "id": "52b61e5d-47fb-4461-a5cd-0408b94be17b",
    "data": [
      {
        "text": "shipping cost",
        "userDefined": false
      }
    ],
    "isTemplate": false,
    "count": 0,
    "updated": 1531315237
  },
  {
    "id": "5afe0dcc-9061-46bd-9d2e-0dcdf2dd10f7",
    "data": [
      {
        "text": "need refund",
        "userDefined": false
      }
    ],
    "isTemplate": false,
    "count": 0,
    "updated": 1531315237
  },
  {
    "id": "a59bc52d-a89a-4cf0-882a-b495cfad9667",
    "data": [
      {
        "text": "need help",
        "userDefined": false
      }
    ],
    "isTemplate": false,
    "count": 1,
    "updated": 1531315237
  },
  {
    "id": "b4c85728-4a4e-400e-9958-874cd4c90fce",
    "data": [
      {
        "text": "support asistance",
        "userDefined": false
      }
    ],
    "isTemplate": false,
    "count": 0,
    "updated": 1531315237
  },
  {
    "id": "d5b3a4b9-d4c2-4b36-ba7b-0c5d0a73e590",
    "data": [
      {
        "text": "support help desk",
        "userDefined": false
      }
    ],
    "isTemplate": false,
    "count": 0,
    "updated": 1531315237
  },
  {
    "id": "066458b8-56cd-4781-9533-fbacd9dc6951",
    "data": [
      {
        "text": "contact you",
        "userDefined": false
      }
    ],
    "isTemplate": false,
    "count": 0,
    "updated": 1531315237
  },
  {
    "id": "84a9c955-dcff-4907-9fde-5b1e765471ec",
    "data": [
      {
        "text": "How to contact with admin",
        "userDefined": false
      }
    ],
    "isTemplate": false,
    "count": 0,
    "updated": 1531315237
  },
  {
    "id": "7c49b0b5-f1f9-4aa8-92e1-dce0bab4edc2",
    "data": [
      {
        "text": "Want to contact with a support person",
        "userDefined": false
      }
    ],
    "isTemplate": false,
    "count": 0,
    "updated": 1531315237
  },
  {
    "id": "284008a7-5688-428c-a45b-29f4a85a6d74",
    "data": [
      {
        "text": "Want to send  message to support",
        "userDefined": false
      }
    ],
    "isTemplate": false,
    "count": 0,
    "updated": 1531315237
  },
  {
    "id": "6d9e538b-52de-4822-bab8-8062c0f8e82a",
    "data": [
      {
        "text": "I want to contact with support",
        "userDefined": false
      }
    ],
    "isTemplate": false,
    "count": 0,
    "updated": 1531315237
  },
  {
    "id": "f19701e2-186b-49dc-841d-490a17de045e",
    "data": [
      {
        "text": "need support",
        "userDefined": false
      }
    ],
    "isTemplate": false,
    "count": 0,
    "updated": 1531315237
  },
  {
    "id": "2a10fc66-54bd-4d7a-b0d1-fdd8423efec0",
    "data": [
      {
        "text": "I am looking for customer support",
        "userDefined": false
      }
    ],
    "isTemplate": false,
    "count": 0,
    "updated": 1531315237
  }
]